title,host,hashtag,start_date,end_date,image,link
한 달에 앱 하나! 1mA 챌린지,패스파인더,"['온라인', '무료', '기술일반']",2024.04.26,2024.05.07,https://dev-event.vercel.app/_next/image?url=https%3A%2F%2Fbrave-people-3.s3.ap-northeast-2.amazonaws.com%2FDEVEVENT%2F2024-04-27-14-25-1130-f9d296e2.webp&w=640&q=75,https://www.pathfinder.camp/event-details/1ma
FLY AI Challenger,SK텔레콤,"['온라인', '무료', '교육', 'AI\t']",2024.05.03,2024.05.07,https://dev-event.vercel.app/_next/image?url=https%3A%2F%2Fbrave-people-3.s3.ap-northeast-2.amazonaws.com%2FDEVEVENT%2F2024-05-04-04-00-3840-77833cdf.png&w=640&q=75,https://www.skttechacademy.com/student/main/aiChallenger
Docker 웨비나: 소프트웨어 개발 및 공급망 내 보안,단군소프트,"['온라인', '무료', '인프라']",2024.05.02,2024.05.07,https://dev-event.vercel.app/_next/image?url=https%3A%2F%2Fbrave-people-3.s3.ap-northeast-2.amazonaws.com%2FDEVEVENT%2F2024-05-02-23-56-4505-a6df1143.png&w=640&q=75,https://us06web.zoom.us/webinar/register/2017146181493/WN_3zRBZnNIQnChjqRvHD3rDQ#/registration
삼성 청년 SW 아카데미 12기 모집,SSAFY,"['온라인', '무료', 'AI\t']",2024.04.22,2024.05.07,https://dev-event.vercel.app/_next/image?url=https%3A%2F%2Fbrave-people-3.s3.ap-northeast-2.amazonaws.com%2FDEVEVENT%2F2024-04-16-22-34-0782-d32e2a30.png&w=640&q=75,https://www.ssafy.com/ksp/servlet/swp.content.controller.SwpContentServlet?p_process=select-content-view&p_menu_cd=M0307&p_content_cd=C0307
2024 관광데이터 활용 공모전,한국관광공사,"['온라인', '무료', '데이터', '대회']",2024.04.03,2024.05.09,https://dev-event.vercel.app/_next/image?url=https%3A%2F%2Fbrave-people-3.s3.ap-northeast-2.amazonaws.com%2FDEVEVENT%2F2024-04-11-23-30-3175-7f9d785f.png&w=640&q=75,https://www.2024tourapi.com/
[코칭스터디] Let's AI 2024 신청,부스트코스,"['온라인', '무료', 'AI\t']",2024.04.15,2024.05.09,https://dev-event.vercel.app/_next/image?url=https%3A%2F%2Fbrave-people-3.s3.ap-northeast-2.amazonaws.com%2FDEVEVENT%2F2024-04-16-22-35-3574-42717341.png&w=640&q=75,https://docs.google.com/forms/d/e/1FAIpQLSd6M76WRwKVFoRvoLn6Xamm4P-iJEcNDwnmG-xoZmj81yceTg/viewform
Flutter with AI 2024 Seoul: Flutter와 함께 시작하는 AI 활용,Flutter Seoul,"['오프라인', '유료', '안드로이드', 'iOS']",2024.04.24,2024.05.10,https://dev-event.vercel.app/_next/image?url=https%3A%2F%2Fbrave-people-3.s3.ap-northeast-2.amazonaws.com%2FDEVEVENT%2F2024-04-25-00-54-0888-5ad2537c.jpg&w=640&q=75,https://festa.io/events/5090
Microsoft AI School 4기 수강생 모집,마이크로소프트,"['오프라인', '유료', '교육', 'AI\t']",2024.04.15,2024.05.10,https://dev-event.vercel.app/_next/image?url=https%3A%2F%2Fbrave-people-3.s3.ap-northeast-2.amazonaws.com%2FDEVEVENT%2F2024-04-27-14-29-2509-7fa2daf6.png&w=640&q=75,https://msaischool.kr/
2024 국제인공지능대전,한국인공지능협회,"['온라인', '무료', 'AI\t']",2024.03.20,2024.05.13,https://dev-event.vercel.app/_next/image?url=https%3A%2F%2Fbrave-people-3.s3.ap-northeast-2.amazonaws.com%2FDEVEVENT%2F2024-03-25-23-12-0726-6be87c72.png&w=640&q=75,http://www.aiexpo.co.kr/home/
Flutter 개발자를 위한 앱 푸시 알림 실전 가이드: 개인화부터 실시간 메시지까지,노티플라이,"['온라인', '무료', '안드로이드', 'iOS']",2024.04.29,2024.05.13,https://dev-event.vercel.app/_next/image?url=https%3A%2F%2Fbrave-people-3.s3.ap-northeast-2.amazonaws.com%2FDEVEVENT%2F2024-04-29-22-50-1649-4953ac3a.png&w=640&q=75,https://event-us.kr/notifly/event/80892?utm_source=github_dev_event&utm_medium=banner&utm_campaign=event-recommend&pit_id=4342
AWS Summit Seoul,AWS,"['오프라인', '무료', '클라우드']",2024.03.20,2024.05.13,https://dev-event.vercel.app/_next/image?url=https%3A%2F%2Fbrave-people-3.s3.ap-northeast-2.amazonaws.com%2FDEVEVENT%2F2024-03-25-23-12-5159-4aa66458.png&w=640&q=75,https://aws.amazon.com/ko/events/summits/seoul
Google I/O,Google,"['온라인', '무료', '기술일반']",2024.03.15,2024.05.13,https://dev-event.vercel.app/_next/image?url=https%3A%2F%2Fbrave-people-3.s3.ap-northeast-2.amazonaws.com%2FDEVEVENT%2F2024-03-16-10-28-4766-5a49b531.png&w=640&q=75,https://io.google/2024/intl/ko/
[AI × 독서모임]인공지능 책 함께 읽어요!,ArtByte,"['온라인', '유료', 'AI\t']",2024.04.01,2024.05.13,https://dev-event.vercel.app/_next/image?url=https%3A%2F%2Fbrave-people-3.s3.ap-northeast-2.amazonaws.com%2FDEVEVENT%2F2024-04-05-22-37-4615-66f32d87.png&w=640&q=75,https://festa.io/events/5010
2024 지식재산 데이터 활용 창업 경진대회,특허청,"['온라인', '무료', '데이터']",2024.03.15,2024.05.14,https://dev-event.vercel.app/_next/image?url=https%3A%2F%2Fbrave-people-3.s3.ap-northeast-2.amazonaws.com%2FDEVEVENT%2F2024-04-11-23-34-0200-4053ad60.png&w=640&q=75,https://plus.kipris.or.kr/portal/main/contents.do?menuNo=210180
실용주의 기술 블로그 글쓰기,DEVOCEAN,"['온라인', '무료', '기술일반']",2024.05.03,2024.05.15,https://dev-event.vercel.app/_next/image?url=https%3A%2F%2Fbrave-people-3.s3.ap-northeast-2.amazonaws.com%2FDEVEVENT%2F2024-05-04-04-04-3904-65c48f4a.png&w=640&q=75,https://devocean.sk.com/events/view.do?id=197
AI학교 아이펠 '데이터 사이언티스트 과정' 입학생 모집,아이펠,"['온라인', '무료', '데이터']",2024.04.16,2024.05.17,https://dev-event.vercel.app/_next/image?url=https%3A%2F%2Fbrave-people-3.s3.ap-northeast-2.amazonaws.com%2FDEVEVENT%2F2024-04-16-22-40-5432-b2cb9a33.png&w=640&q=75,https://ds.aiffel.io/?utm_source=festa&utm_medium=board_all&utm_campaign=kdt_23_10&utm_content=github_dev_event
백엔드 개발자 취업 미니 부트캠프 : 스프링 입문 데브코스,유데미 x 웅진씽크빅,"['온라인', '백엔드', '유료']",2024.04.23,2024.05.17,https://dev-event.vercel.app/_next/image?url=https%3A%2F%2Fbrave-people-3.s3.ap-northeast-2.amazonaws.com%2FDEVEVENT%2F2024-04-24-22-16-2994-c0d3017f.webp&w=640&q=75,https://onoffmix.com/event/298611
제19회 차세대 테크 리더십포럼,리더십 포럼,"['오프라인', '무료', '기술일반']",2024.04.23,2024.05.17,https://dev-event.vercel.app/_next/image?url=https%3A%2F%2Fbrave-people-3.s3.ap-northeast-2.amazonaws.com%2FDEVEVENT%2F2024-04-24-22-17-3437-8438c02c.webp&w=640&q=75,https://festa.io/events/5077
부스트캠프 웹・모바일 9기 5월 설명회,네이버커넥트,"['온라인', '무료', '안드로이드', 'iOS', '웹']",2024.05.02,2024.05.19,https://dev-event.vercel.app/_next/image?url=https%3A%2F%2Fbrave-people-3.s3.ap-northeast-2.amazonaws.com%2FDEVEVENT%2F2024-05-02-23-59-1345-4154a374.png&w=640&q=75,https://form.naver.com/response/nkAg46cqWwJ5ewKnq1LRpA
2024 항해커톤,항해99,"['온라인', '무료', 'AI\t', '대회']",2024.04.22,2024.05.19,https://dev-event.vercel.app/_next/image?url=https%3A%2F%2Fbrave-people-3.s3.ap-northeast-2.amazonaws.com%2FDEVEVENT%2F2024-04-24-21-53-4239-90a86455.webp&w=640&q=75,https://hanghae99.spartacodingclub.kr/hhackathon-ai
2024 배리어프리 앱 개발 콘테스트,"현대오토에버, 서울사회복지공동모금회","['온라인', '무료', '안드로이드', '대회', 'iOS']",2024.04.15,2024.05.19,https://dev-event.vercel.app/_next/image?url=https%3A%2F%2Fbrave-people-3.s3.ap-northeast-2.amazonaws.com%2FDEVEVENT%2F2024-04-16-22-37-0496-cc9e272d.png&w=640&q=75,https://www.autoeverapp.kr/
Microsoft Build,Microsoft,"['온라인', '무료', '기술일반']",2024.03.15,2024.05.20,https://dev-event.vercel.app/_next/image?url=https%3A%2F%2Fbrave-people-3.s3.ap-northeast-2.amazonaws.com%2FDEVEVENT%2F2024-03-26-08-09-2258-0dc44a55.png&w=640&q=75,https://build.microsoft.com
리눅스 기술면접 준비하는 방법,리얼리눅스,"['온라인', '무료', '기술일반', '커리어']",2024.04.29,2024.05.21,https://dev-event.vercel.app/_next/image?url=https%3A%2F%2Fbrave-people-3.s3.ap-northeast-2.amazonaws.com%2FDEVEVENT%2F2024-04-29-22-52-3335-bcc9a73c.png&w=640&q=75,https://festa.io/events/5175
작은 서비스 조금씩 개선하기(개발 관점),한빛앤 MSA,"['온라인', '무료', '기술일반', '커리어']",2024.04.30,2024.05.21,https://dev-event.vercel.app/_next/image?url=https%3A%2F%2Fbrave-people-3.s3.ap-northeast-2.amazonaws.com%2FDEVEVENT%2F2024-04-30-23-29-2226-4d4293d4.png&w=640&q=75,https://festa.io/events/5164
파이콘 한국 2024 CFP 발표자 1차 모집,파이콘 한국 준비위원회,"['오프라인', '유료', 'Python']",2024.05.01,2024.05.22,https://dev-event.vercel.app/_next/image?url=https%3A%2F%2Fbrave-people-3.s3.ap-northeast-2.amazonaws.com%2FDEVEVENT%2F2024-05-02-23-47-3507-a8e6e8b4.png&w=640&q=75,https://docs.google.com/forms/d/e/1FAIpQLSdXXxakv9IZa_Se9DQzG3Kf8qc_ADIlyyTS5h7r20ENSfD6MA/viewform
제 3회 Clojure Korea 밋업,Clojure Korea,"['온라인', '무료', '기술일반', '커리어']",2024.05.03,2024.05.22,https://dev-event.vercel.app/_next/image?url=https%3A%2F%2Fbrave-people-3.s3.ap-northeast-2.amazonaws.com%2FDEVEVENT%2F2024-05-04-04-06-3706-3554fc35.png&w=640&q=75,https://www.meetup.com/clojure-korea/events/299929522/
게임 개발자 취업 성공 포트폴리오 패키지,유데미,"['온라인', '무료', '교육']",2024.04.15,2024.05.24,https://dev-event.vercel.app/_next/image?url=https%3A%2F%2Fbrave-people-3.s3.ap-northeast-2.amazonaws.com%2FDEVEVENT%2F2024-04-30-23-31-1628-d9914c45.png&w=640&q=75,https://udemy.wjtb.co.kr/event/id/250
스프링캠프 2024,스프링캠프,"['오프라인', '유료', '백엔드']",2024.05.06,2024.05.24,https://dev-event.vercel.app/_next/image?url=https%3A%2F%2Fbrave-people-3.s3.ap-northeast-2.amazonaws.com%2FDEVEVENT%2F2024-05-04-04-08-1338-c71f705d.png&w=640&q=75,https://springcamp.ksug.org/2024/
대구광역시 공공데이터 활용 창업경진대회 2024,대구광역시,"['온라인', '무료', '대회']",2024.04.15,2024.05.24,https://dev-event.vercel.app/_next/image?url=https%3A%2F%2Fbrave-people-3.s3.ap-northeast-2.amazonaws.com%2FDEVEVENT%2F2024-04-25-22-25-1407-08a2405f.webp&w=640&q=75,https://dacon.io/competitions/official/236256/overview/description
Women Techmakers Korea 2024,Women Techmakers Korea,"['오프라인', '유료']",2024.03.26,2024.05.26,https://dev-event.vercel.app/_next/image?url=https%3A%2F%2Fbrave-people-3.s3.ap-northeast-2.amazonaws.com%2FDEVEVENT%2F2024-04-05-22-30-1716-89e7bf8d.png&w=640&q=75,https://festa.io/events/4967
.HACK 2024,.HACK,"['오프라인', '무료', '보안', '기술일반']",2024.05.27,2024.05.28,https://dev-event.vercel.app/_next/image?url=https%3A%2F%2Fbrave-people-3.s3.ap-northeast-2.amazonaws.com%2FDEVEVENT%2F2024-04-30-23-32-5542-61129b23.png&w=640&q=75,https://dothack.io/
제3회 ETRI 휴먼이해 인공지능 논문경진대회,한국전자통신연구원,"['온라인', '무료', 'AI\t']",2024.04.18,2024.06.07,https://dev-event.vercel.app/_next/image?url=https%3A%2F%2Fbrave-people-3.s3.ap-northeast-2.amazonaws.com%2FDEVEVENT%2F2024-04-24-21-57-3847-ed344aba.webp&w=640&q=75,https://aifactory.space/task/2790/overview
파이콘 한국 2024 CFP 발표자 2차 모집,파이콘 한국 준비위원회,"['오프라인', '유료', 'Python']",2024.06.01,2024.06.22,https://dev-event.vercel.app/_next/image?url=https%3A%2F%2Fbrave-people-3.s3.ap-northeast-2.amazonaws.com%2FDEVEVENT%2F2024-05-02-23-50-3738-5012e4b7.png&w=640&q=75,https://docs.google.com/forms/d/e/1FAIpQLSdXXxakv9IZa_Se9DQzG3Kf8qc_ADIlyyTS5h7r20ENSfD6MA/viewform
Google Cloud Summit Seoul ’24,구글 클라우드,"['온라인', '무료', '클라우드']",2024.04.22,2024.06.27,https://dev-event.vercel.app/_next/image?url=https%3A%2F%2Fbrave-people-3.s3.ap-northeast-2.amazonaws.com%2FDEVEVENT%2F2024-04-24-21-59-4027-db2404a0.webp&w=640&q=75,https://cloudonair.withgoogle.com/events/summit-seoul-2024
Regional Scrum Gathering Seoul 2024,Scrum Korea,"['오프라인', '무료', '기술일반']",2024.03.20,2024.07.04,https://dev-event.vercel.app/_next/image?url=%2Fdefault%2Fevent_img.png&w=640&q=75,https://scrum-korea.com/rsgseoul24
인프콘 2024,인프런,"['오프라인', '무료', '기술일반']",2024.08.02,00:00,https://dev-event.vercel.app/_next/image?url=https%3A%2F%2Fbrave-people-3.s3.ap-northeast-2.amazonaws.com%2FDEVEVENT%2F2024-04-05-22-48-1157-6dcb0266.png&w=640&q=75,https://www.inflearn.com/infcon-2024/teaser
KWDC24,APPLE,"['오프라인', '유료', '기술일반']",2024.10.25,00:00,https://dev-event.vercel.app/_next/image?url=https%3A%2F%2Fbrave-people-3.s3.ap-northeast-2.amazonaws.com%2FDEVEVENT%2F2024-04-11-23-36-2400-15d86c8f.png&w=640&q=75,https://kwdc.dev/2024/
GopherCon Korea 2024,Golang Korea,"['오프라인', '유료', '기술일반']",2024.04.01,2024.10.31,https://dev-event.vercel.app/_next/image?url=https%3A%2F%2Fbrave-people-3.s3.ap-northeast-2.amazonaws.com%2FDEVEVENT%2F2024-04-16-22-38-0170-4d7db9a4.png&w=640&q=75,https://festa.io/events/5098
제 8회 개방형 클라우드 플랫폼(K-PaaS) 기반 서비스 개발 아이디어 공모전,K-PaaS,"['온라인', '무료', '클라우드']",2024.04.01,2024.10.31,https://dev-event.vercel.app/_next/image?url=https%3A%2F%2Fbrave-people-3.s3.ap-northeast-2.amazonaws.com%2FDEVEVENT%2F2024-04-05-22-38-4473-3edc6a02.png&w=640&q=75,https://contest.k-paas.org/
